{
  "0": 3.2934455391351944,
  "1": 1.474153243094261,
  "2": 31.318802862719583,
  "3": 1.5644642334817511,
  "4": 0.18787736861620125,
  "5": 118.56403940886699,
  "6": 1.2847496530372584,
  "7": 0.2210248404426282,
  "8": 3.3737734791141016,
  "9": 1.8280799027798875,
  "10": 2.0071300504524037,
  "11": 0.7851923139660066,
  "12": 0.4088415152029896,
  "13": 1.7527946691912755,
  "14": 0.8374856466822088,
  "15": 2.813383985973115,
  "16": 2.1812044043681182,
  "17": 5.704111861594976,
  "18": 0.7663418983029261,
  "19": 7.033459964932788,
  "20": 2.9223530840213696,
  "21": 1.1656576908175127,
  "22": 0.47918491677948555,
  "23": 2.1869519785561766,
  "24": 0.3810598144453944,
  "25": 4.839348547300694,
  "26": 1.6178328964172883,
  "27": 5.371833500725366,
  "28": 13.948710518690234
}